Model,Accuracy,AvgInferenceSec,Samples
VADER,0.365,0.00012076854705810547,200
DistilRoBERTa-Emotion,0.85,0.060026376247406005,200
GoEmotions-Electra,0.485,0.07829039096832276,200
RoBERTa-Large,0.85,0.05912526845932007,200
