Model,Accuracy,AvgInferenceSec,Samples
VADER,0.4124359118924975,0.00011836039798735859,416809
DistilRoBERTa-Emotion,0.8399746646545541,0.0477817842407297,416809
GoEmotions-Electra,0.47539760417841265,0.06341814832718908,416809
RoBERTa-Large,0.8399746646545541,0.04900525253044407,416809
